NAMES OF PUBLISHERS,HASHTAGS,USERS TAGGED,LINKS,ReplyCount,RetweetCount,LikeCount,DATES,NUMBER OF IMAGES
ShahidChaudhry,"['#follobackforfolloback', '#follo4follo', '#F4F', '#hot', '#boy', '#facechallenge', '#good', '#look']","['@vishnuchaudhry5', '@ShahidC89080840', '@ScSaqib', '@LadkeSalty', '@desi_9jawan', '@ameersalalah1']",[],2,,13,2020-09-06 20:15:32.000 ,1
GOOD,[],[],['http://dlvr.it/SLYtGN'],,,,2022-03-12 13:29:07.000 ,1
Poshmark,[],[],[],7,36,41,2022-03-11 07:34:15.000 ,1
Zyite.news,['#good'],[],[],1,,1,2022-03-12 14:44:12.000 ,4
PROSPER,[],[],[],13,"1,298","2,156",2022-03-12 18:24:33.000 ,1
Divya S,[],[],[],2,138,389,2022-03-12 18:26:40.000 ,1
Formula 1,[],[],[],8,18,113,2022-03-12 18:30:40.000 ,1
Heath Cummings,['#Bitcoin'],[],[],520,160,"1,851",2022-03-11 07:25:42.000 ,2
Fresh Boss,[],[],[],,2,9,2022-03-12 18:36:08.000 ,1
Trey,[],[],[],11,14,39,2022-03-12 18:07:32.000 ,1
